{"loss": [0.06869123131036758, 0.046853207051754, 0.0414736308157444, 0.037139229476451874, 0.030702956020832062, 0.025981364771723747, 0.02483365125954151, 0.030120545998215675, 0.02502245269715786, 0.019737089052796364, 0.014794080518186092, 0.010198771022260189, 0.006577296182513237, 0.0053933425806462765, 0.004649576265364885, 0.004057435318827629, 0.0036190636456012726, 0.00335629447363317, 0.003029783256351948, 0.0027811825275421143, 0.002575748600065708, 0.0023429899010807276, 0.0021285777911543846, 0.002000285079702735, 0.00259190471842885, 0.0018354299245402217, 0.002000861568376422, 0.0020907109137624502, 0.0018546865321695805, 0.001533670467324555, 0.0013674834044650197, 0.001290721702389419, 0.001212365459650755, 0.001196834142319858, 0.001075440552085638, 0.0010226622689515352, 0.0010029405821114779, 0.0009417234105058014, 0.000933381961658597, 0.0009096962749026716, 0.0008841458475217223, 0.0008829476428218186, 0.000850936456117779, 0.0008175013354048133, 0.0008769621490500867, 0.0007420661277137697, 0.0008285259245894849, 0.0007218674290925264, 0.0006760485121048987, 0.0006504231714643538, 0.0006369692855514586, 0.000616620818618685, 0.0006150028784759343, 0.0007129877922125161, 0.0018334899796172976, 0.001337293884716928, 0.001197831123135984, 0.0013018558965995908, 0.0010150420712307096, 0.0009905725019052625, 0.0008442675461992621, 0.0007784254848957062, 0.0007064752862788737, 0.0006933240219950676, 0.0006404300802387297, 0.0006047768983989954, 0.000599355436861515, 0.0005800262442789972, 0.0005704080103896558, 0.0005557050462812185, 0.0005545730236917734, 0.0005400664522312582, 0.0005450566532090306, 0.0005116614629514515, 0.0005120203131809831, 0.0004989546141587198, 0.000485961907543242, 0.0004967453423887491, 0.0006721725221723318, 0.0013151306193321943, 0.0006563141942024231, 0.0006123452330939472, 0.0005338676855899394, 0.0005271566333249211, 0.0005418016226030886, 0.0005211922689341009, 0.0004921831423416734, 0.00047764807823114097, 0.00047027633991092443, 0.0005060351686552167, 0.0004731820954475552, 0.00045645187492482364, 0.0004718643322121352, 0.0004543195536825806, 0.0004928924608975649, 0.00043702966650016606, 0.00047691978397779167, 0.0004842408234253526, 0.0004315207770559937, 0.00043375848326832056], "val_loss": [0.04844992235302925, 0.04289257898926735, 0.03846340253949165, 0.03258192166686058, 0.02700786292552948, 0.023407960310578346, 0.03341781720519066, 0.02585638128221035, 0.021136047318577766, 0.015609389171004295, 0.01181753259152174, 0.007747262250632048, 0.0054182689636945724, 0.004727203864604235, 0.004159095697104931, 0.003672911087051034, 0.00325742457062006, 0.002934932941570878, 0.0027402774430811405, 0.0024631978012621403, 0.0023401209618896246, 0.0020837769843637943, 0.001985683338716626, 0.0020196193363517523, 0.0018821717239916325, 0.0023592154029756784, 0.002391321351751685, 0.0017508782912045717, 0.0013584594707936049, 0.0013614562340080738, 0.0012916288105770946, 0.0011512228520587087, 0.001182569656521082, 0.0009578040335327387, 0.0010230370098724961, 0.0010043770307675004, 0.0008397776400670409, 0.0009117596200667322, 0.0008923846180550754, 0.0008483206038363278, 0.0009152711718343198, 0.0008715594885870814, 0.0008142450242303312, 0.0008265766664408147, 0.0006951150135137141, 0.0006888582720421255, 0.0006239228532649577, 0.000660316611174494, 0.0006314093479886651, 0.0006120213656686246, 0.0005730764241889119, 0.0005682636401616037, 0.0005765884416177869, 0.0013089143903926015, 0.0006668095011264086, 0.0007531915907748044, 0.0015126445796340704, 0.0007407658267766237, 0.001063156290911138, 0.0007880867342464626, 0.0007546546403318644, 0.0006502538453787565, 0.0006663408712483943, 0.0005731163546442986, 0.0005621386808343232, 0.0005725517403334379, 0.0005475594662129879, 0.0005140998400747776, 0.0005285131628625095, 0.0005069811595603824, 0.00048115261597558856, 0.0005305096856318414, 0.0004669052723329514, 0.0004718968120869249, 0.0004761511809192598, 0.00044928526040166616, 0.00045549310743808746, 0.0005069292383268476, 0.0012038135901093483, 0.0006804391159676015, 0.0007116271881386638, 0.0005551876965910196, 0.0005407070275396109, 0.0005112290382385254, 0.0004516278568189591, 0.0004298620333429426, 0.0004311215307097882, 0.00045677265734411776, 0.0004885004018433392, 0.0004156016220804304, 0.0004356633871793747, 0.00044206425081938505, 0.00040324864676222205, 0.0004798388690687716, 0.0004144204722251743, 0.0004202161217108369, 0.0004901869688183069, 0.0004110522859264165, 0.00038797574234195054, 0.0004980024532414973]}